sign,impression,appearance,childhood,balance,interpretation
Aries,"confident, strong, courageous, direct","high foreheads, commanding stature, darting eyes, prone to head injuries","rambunctious and ethusiastic, self-reliant","incorporating tact, carefulness, consideration of others","Confident presence, direct approach, appears dynamic and assertive"
Taurus,"attractive, dependable, slow, sensual","serene eyes, delicate jawlines","serene, calm, patient",letting go,"Calm demeanor, appears reliable and grounded, steady presence"
Gemini,"social, witty, adaptable, intelligent","delicate features, naturally slim and agile",require a lot of stimulation,work with their impatience and boredom,"Appears witty and youthful, communicative style, versatile manner"
Cancer,"maternal, nurturing, emotional, sensitive","round faces, prominent stomach","quiet and intuitive, need connections with caregiver",establishing boundaries,"Protective exterior, appears caring, sensitive to environment"
Leo,"playful, creative, dramatic, affectionate","distinctie mane of hair, dramatic expression, regal posture","popular, leaders of their peer groups, want to seem adored",find authenticity and individuality,"Charismatic presence, appears confident and regal, commanding"
Virgo,"humble, helpful, innocent, shy","graceful and gentle movements, soft-spoken","sweet, obedient and gentle",ease up on judgment,"Appears modest and helpful, analytical demeanor, reserved"
Libra,"charming, graceful, indecisive, peacemaking","small symmetrical features, melodic voice","kind, peaceful and cooperative",work through tendency toward inaction and laziness,"Charming presence, appears gracious and diplomatic, pleasant"
Scorpio,"magnetic, intense, powerful, dark","piercing eyes, direct gaze, mysterious demeanor",reserved and needing of unconditional love,learn how to trust and surrender,"Magnetic presence, appears mysterious and powerful, intense gaze"
Sagittarius,"cheerful, optimistic, inspiring, restlessness","haphazard grace, friendly open faces, strong legs",playing and joyful with sunny dispositions,cultivating discrimination and practical nature,"Appears friendly and open, adventurous manner, enthusiastic"
Capricorn,"reserved, serious, determined, refined","deep voice, wise eyes, slow and deliberate",timid and pensive,need to connect with their internal unconditional love,"Appears serious and mature, reserved demeanor, authoritative"
Aquarius,"creative, independent, funny, quirky","nice profile, eccentric movements",friendly and gregarious,find an audience for their unique talents,"Appears unique and friendly, intellectual manner, individualistic"
Pisces,"easygoing, imaginative, sensitive, impractical","large dreamy eyes, gentle demeanor",perceptive and dreamy,"develop good boundaries, realism and groundedness","Appears gentle and dreamy, compassionate presence, adaptable"