id,planet,sign,interpretation_long,interpretation_short,keywords,
71,Jupiter,Aquarius,"You’re tolerant yet unpredictable and stubborn at times, with a life philosophy that’s uniquely yours. You set your own personal standards and faithfully live by them. High on your list is injustice; you see equality as the only acceptable norm. You value people—and your many friends—for their individuality and accept them as they are, even if you don’t necessarily agree with their decisions and choices. Humanitarian causes, groups, and organizations appeal to you, and many benefit from your involvement and leadership. Some people with Jupiter in Aquarius are activists and instrumental in social change.",,,
61,Jupiter,Aries,"Jupiter expands spontaneously and irresponsibly In Ares, Jupiter's natural optimism can be supremely glenous, if not always realiste. It is driven by the simple idealistic belief that freedom of action leads to truth and so carries all before it - given the opportunity and the chance to grew in their own way, people and situations will turn out for the best. While wasteful uncompleted projects are very possible, this approach can often lead to remarkable advances.",,,
64,Jupiter,Cancer,"Family ties are generally positive and supportive, and you cherish fond memories of special moments with close friends and loved ones. Home life is an equally important focus, and you strive to create a welcoming, warm, and caring environment. Many people with Jupiter in Cancer adopt family beliefs as their own and never waver from them, partly out of loyalty. Sympathetic and kind, you’re among the first to give to those in need as well as those you love. Hunches are often on target, especially in money matters, and you may achieve wealth status.",,,
70,Jupiter,Capricorn,"You have an innate understanding of the principles of expansion and contraction, and a talent for practical vision. Opportunities come to you, and others are of your own making. You’re somewhat cautious but also quick to follow through on anything with real potential to advance your career and status. Ambitious and success- and money-motivated, you have the common sense to know that advancement is a step-by-step process that requires goals, planning, and timing, along with your strong work ethic. Most people with this placement are conservative and traditional. Many thrive in corporate life.",,,
63,Jupiter,Gemini,"You’re fun-loving and talkative, and curiosity fuels your perpetual quest for information. You know a lot about many things, but tend to scatter your mental energies rather than limit your focus to a specific area of expertise. That’s the result of your versatile, intelligent mind and high boredom factor. You can turn this potential weakness into a strength by striving for excellence in a single area where you can profit from all the miscellaneous data stored in your brain. Charming and glib, you may have exceptional writing or speaking talent.",,,
65,Jupiter,Leo,"You love being in the limelight and doing things on a grand scale. Generous and loving, you nevertheless expect admiration and thus can be prone to an inflated ego. Creativity, loyalty, and leadership are strengths, as are optimism and the ability to energize and motivate others. Children delight many people with Jupiter in Leo (your own or family members’). If you’re among them, you probably devote as much time as possible to these children and their interests and activities. Your taste for luxury and designer labels can become an expensive indulgence.",,,
67,Jupiter,Libra,"Friendly, helpful, and enthusiastic, you encourage and inspire others to excel. In turn, they bring you luck, and you could benefit financially through a business or romantic partner. Relying on others can become a pattern, however, when independence would better serve your interests. You’re an astute observer of human nature, and people value your advice. Although you steer clear of conflict, you will take a stand to ensure justice and fairness, and at times you put others and their needs and desires first to maintain harmony.",,,
72,Jupiter,Pisces,"You’re known for your compassion and generosity. Helping others gives you great satisfaction, and people appreciate your kind and understanding nature. But these fine qualities encourage less-ethical people to take advantage of you. Be wise and good to yourself: weigh each request on its merits, and do your best to remove emotions from the equation. Not everyone is deserving of your sympathy, so temper your idealism with reality. You have an excellent imagination and are creative in some way. Many people with this placement are intuitive or psychic. Guard against self-indulgence in any form.",,,
69,Jupiter,Sagittarius,"Upbeat and enthusiastic, you’re also a deep thinker who enjoys philosophical discussions and mental journeys as much as travel. Your lifetime quest for knowledge makes you a perpetual learner, both in and out of the classroom, and you willingly share all you know to help others. Also generous with your time and talents, you expect nothing in return for favors granted. But be careful of a tendency to put too much faith in others and their promises. Balance optimism with reality. You’re lucky more often than not, and calculated risks can pay off handsomely for you.",,,
68,Jupiter,Scorpio,"You delve deep into any subject that interests you, researching every facet until you’ve mastered the knowledge or acquired enough to suit your needs. However, you can overdo it and develop an intense emotional involvement that limits perspective. Step back periodically for a fresh look. At times, you can be secretive and suspicious of others’ motives. That’s an asset when used positively to protect your interests, but not if it undermines your financial objectives. Many people with Jupiter in Scorpio amass sizable assets through hard work and determination.",,,
62,Jupiter,Taurus,"You’re financially lucky, plus you have the common sense it takes to successfully manage money matters to your benefit. Many people with Jupiter in Taurus amass considerable assets, and higher education further increases the odds in your favor. You also acquire and are attached to your many possessions and rarely let go of anything, even when it’s outlived its usefulness. Weight gain is possible because good food and comfort are a way of life. Your practical vision is excellent for big-picture planning.",,,
66,Jupiter,Virgo,"Work can become the driving force in your life, even to the point of consuming almost all of your waking hours. Satisfaction and rewards fuel your desire for more, but you also can over-extend yourself. The result, sooner or later, will be burnout, so reprogram your thinking to include regular downtime. You’re excellent with details and also have an eye for the big picture, giving you a unique combination of talents. But at times you can get stuck in analysis and be overly critical. Some people with Jupiter in Virgo are actively involved in charitable organizations and other good causes.",,,
59,Mars,Aquarius,"Independence and determination (which at times is better characterized as stubbornness) encourage you to adopt an “I’ll do it myself” attitude. But you’re also drawn to people and can be an outstanding team player. You’re one or the other, or both, depending on the day, conditions, and your mood. You’re more inclined to join the crowd if your innovative ideas are likely to be accepted and you’re in sync with the group’s aims. The unusual captures your attention, and your strong mental energy is in some way unconventional, prompting a unique, imaginative approach to tasks and activities. You follow through and complete what you start. However, you may be prone to nervous tension and stress; exercise and relaxation are good antidotes.",,,
49,Mars,Aries,"Mars in Aries is pure, high-powered energy. Bold and courageous, you’re an independent overachiever who always wants to be first and loves a challenge—the more competitive the better. High initiative and drive can keep you on track, focused on goals, but you’re far more of a starter than a finisher. You pursue tasks with enthusiasm, sometimes in an overly aggressive or persistent manner that can deter potential supporters. Try a less headstrong and more tactful approach; it will yield better results and enhance your natural leadership ability. Mars in Aries also promotes recklessness and risk taking. Be smart. Slow the pace just a little, especially on the road. Think before you act.",,,Mars acts bravely and aggressively
52,Mars,Cancer,"Feelings are your main motivator, and much of what you do has an emotional undertone. You thus can get so wrapped up in a project, idea, or relationship that it’s tough to keep your objectivity. That results in frustration when things don’t go according to plan. Try to distance yourself a little and aim for periodic reality checks to be sure your perspective is on target. Then you can make the most of your persistence to finish what you start. Family relationships are influential in your life, although there could be conflict and difficulties with parents. If you’re handy, Mars in Cancer can be an asset for do-it-yourself home improvements if you take safety precautions when working with tools or in the kitchen.",,,
58,Mars,Capricorn,"Materialistically motivated and ambitious, you direct considerable energy into career achievement. Status, financial security, and power are your goals, and you have the incentive and determination to realize all three, step by step. Cautious and conservative, you take calculated risks to strengthen and advance your position. You’re an ambitious hard worker who’s also practical, disciplined, and responsible. Rules hold meaning for you, and you’ll bend rather than break them to achieve your goals. Mars in Capricorn is excellent for business endeavors, the corporate world, and entrepreneurship, although persistence can net success in any career field. You excel as both employee and employer, but will strive for the top spot.",,,
51,Mars,Gemini,"You have a quick, agile mind that grasps information in a flash. High energy is an asset, but boredom and restlessness can result in scattered interests and a lack of focus. Turn it to advantage by multitasking on a select few projects at a time to boost your interest level. Versatility keeps your thinking one step ahead, but it’s also important to listen more than you talk. Always on the go, at least mentally, you can be an excellent communicator who enjoys initiating change just to keep things interesting. But you should guard against a tendency to become argumentative. Most people with Mars in Gemini enjoy challenging games and puzzles and working with their hands.",,,
53,Mars,Leo,"Feelings are your main motivator, and much of what you do has an emotional undertone. You thus can get so wrapped up in a project, idea, or relationship that it’s tough to keep your objectivity. That results in frustration when things don’t go according to plan. Try to distance yourself a little and aim for periodic reality checks to be sure your perspective is on target. Then you can make the most of your persistence to finish what you start. Family relationships are influential in your life, although there could be conflict and difficulties with parents. If you’re handy, Mars in Cancer can be an asset for do-it-yourself home improvements if you take safety precautions when working with tools or in the kitchen. But be aware of a tendency to push others to meet your own ends. Choose instead to let your natural leadership ability shine through. Take charge in your innate grand style and be a motivational team player who’s considerate of others. That’s the way to grab your share of the limelight. You’re generous with your money, time, and talents, especially with loved ones. You may or may not define yourself as creative, but you are in some way— with ideas, art, acting, speaking, or a weekend hobby.",,,
55,Mars,Libra,"An active social life is important to you, but even more so is the desire to be with and work with other people. Cooperative efforts please you, while conflict is difficult and to be avoided, in your opinion. Your desire for harmony, however, can stop you from airing dislikes that merit discussion. You also appear indecisive at times because of your tendency to weigh the pros and cons before taking action. A common statement is, “I’ll have to think about that.” Physical activity isn’t your favorite, and lazy periods are likely. But mentally stimulating activities excite you, as does debate, even in a casual, informal setting. Though you’re generally easygoing, your anger flares at the first sign of injustice.",,,
60,Mars,Pisces,"You are compassionate and direct much of your energy into helping others, individually or collectively, through good causes. Creativity and imagination are strengths, but it can be difficult for you to stay focused and follow through on your intentions. Disorganization disrupts your energy flow, which is enhanced by visual and aural stimulation—or even total quiet and solitude. You may have artistic or musical talent. You have far more inner strength than you give yourself credit for. This inner strength is based on a spiritual connection with the universe that promotes self-motivation and insight along with intuition. Follow your heart—with an emphasis on what’s realistic. A straightforward approach gets you further than a subtle one, as does learning how to deal with confrontation.",,,
57,Mars,Sagittarius,"You’re ethical and highly principled, with strong beliefs about life, people, and the human condition. Together, they guide your every action, and you won’t bend or lower your standards in any way, no matter the consequences. While admirable, that attitude is idealistic but not always realistic. Yet you’re a risk taker and a lucky one, so events and situations generally evolve in your favor. Versatile and easygoing about most things, you’re a leader who’s adventuresome, daring, and courageous. You enjoy physical and mental challenges and can be highly competitive. You’re also a terrific idea person, but follow-through is tough; you’re a starter, not a finisher. Enthusiastic optimism is your hallmark.",,,
56,Mars,Scorpio,"You’re relentless. Like a bulldozer, you plow through obstacles, letting nothing stand in your way. Yet this strong drive can at times turn to stubbornness, when the wisest choice might be to cut your losses and move on. That’s tough for you because you seldom know when to stop. But you will make an exception for something new—a project or idea—that stirs your passions even more deeply. Your physical energy is equally strong, and you can drive yourself to exhaustion without realizing it. Anyone who underestimates your strength of will sooner or later learns you’re a formidable adversary. However, grudges, vengeance, and jealousy are ultimately nonproductive. Use your powerful energy instead to achieve your goals.",,,
50,Mars,Taurus,"Your determination is unparalleled, and perseverance and patience are your strengths. The thought of giving up rarely enters your mind. Slow but steady is your approach, along with a thoughtful, methodical, and thorough mindset that results in quality output, whatever your endeavor. But you also can be extremely stubborn and refuse to budge once you’ve formed an opinion. That can undermine all your hard work because others prefer those who are easygoing and cooperative. The same applies to habits and routines. Just because you’ve always done things a certain way doesn’t mean you always should. Step out of your rut. Change is good for the soul.",,,
54,Mars,Virgo,"You are, above all, precise and efficient, something of a perfectionist who believes anything worth doing is worth doing well. You’re a hard worker, and your strength is in the details. But that can become a disadvantage if you lose sight of the big picture. Both are necessary ingredients for success. You systematically plan and organize before taking action and thus can simultaneously manage several major projects. Some people with Mars in Virgo are restless and high-strung. If you’re among them, set aside time each day (even if only thirty minutes) to relax and unwind. You also may have exceptional mechanical ability.",,,
35,Mercury,Aquarius,"Natives have beautiful, inventive minds, with qualities of creative genius. They are broad thinkers who remain objective, and enjoy discussing fascinating topics like quantum physics, the nature of reality, or the future of humanity. They think outside the box, easily coming up with inventions and ",,,
25,Mercury,Aries,"Mercury communicates quickly and thoughtlessly. Quicksilver agreement that hurries agendas along and bypasses alternatives can open doors to amazing possibilities. This is a good way to get things started - but it can leave ends untied. With Mercury in Aries, plans can be too individualistic and undisciplined to stand up on their own. Also, Mercury here can lead us to speak or make decisions without thinking, which can potentially upset the apple cart.","Assertive and forceful, with a direct style of communication","innocence, initiation, self-promotion",
28,Mercury,Cancer,"Natives are gentle, intuitive speakers. They can be wonderfully adept at communicating with the public, able to feel out an audience and adapt their speech ot the energy of the room. Thoughtful and sensitive souls, their words are saturated with feeling. Learning subjectively, they respond more to personal stories than to cold hard facts. ","Adept at communication, able to adapt to an audience","gentle, intuitive, communicators",
34,Mercury,Capricorn,"Natives have methodical, rational, and steady minds. They accomplish tasks with ambition and patience. Sometimes serious-minded, they can go too far with compartmentalization and creating order. Possessing a slower approach toward mental tasks and learning, they need to take their time to break down information into smaller, more workable pieces.","Methodical, rational, and steady minds","methodical, rational, serious-minded",
27,Mercury,Gemini,"Natives are quick-witted, curious and intellectual. They are excellent communicators, writers, and teachers, and tend to be good at school. With varied interests, they seem to know a little about everything. They only have to take care to delve more deeply into subject matter. They are best in stimulating environments. ","Quick-witted, curious, and intellectual","communicators, logical",
29,Mercury,Leo,"Natives are persuasive, dramatic, and authoritative speakers who posses a performative flair when conveying their thoughts. Their style of speech is convincing yet warm, and they tend to be infectiously idealistic and sure of their beliefs. They are typically drawn to creative subjects, and yearn to express themselves in artistic ways.","Persuasive, dramatic, and authoritaritative speakers with a performative flair","persuasive, dramatic, ambitious",
31,Mercury,Libra,"Natives have wonderful minds, which are both intellectual and poetic. They long for equilibrium, both in the world and in their immediate surroundings. Because of this, they tend to study subjects related either to justice or the arts. A halo of beauty surrounds their words, and they possess a knack for writing, as well as charming and melodic patterns of speech. Social and friendly, they work well in partnerships, sometimes needing another person to take the lead on projects.",,"social, friendly, intellectual",
36,Mercury,Pisces,"natives are dreamy and abstract, expressing themselves in gentle and otherworldly manners. They often miss the pragmatic details, focusing instead on the intangible realm of moods, energies and feelings. Their speech is soft and compassionate, and they are excellent listeners. With an aversion to cold facts, they prefer nuance and to read between the lines. There is much wisdom to glean from their approach, and they only have to work toward becoming more practical",,,
33,Mercury,Sagittarius,"Natives have minds that orient toward truth seeking. They can be inspiring speakers and teachers who carry others into their expansive mind-streams. They possess an infectious desire to learn, and will push the boundaries of comfort, both other people's and their own. ",BIg minds that orient toward truth seeking,"desire to learn, blunt, enthusiastic",
32,Mercury,Scorpio,"Natives have deep and probing minds. They often enjoy intmiate conversations where they discuss intangibles, including feelings, the occult, and theoretical science. They love to investigate and possess an incredible ability to observe every detail. Longing to reach the heart of any matter, they will dive into ideas and exchanges with probing minds, carrying others into their depths.",,,
26,Mercury,Taurus,"They are methodical thinkers, taking their time to make decisions. Once they do, they are decisive and stubborn. While they can be slow to initiate projects, when they commit, they are dependable and thorough. They have the gift of common sense, able to think pragmatically within the realm of tangibles. They speak slowly and with purpose. Straightforward, no-nonsense, and authoritative, people tend to take these natives seriously.","Methodical thinkers, taking their time to make decisions.","decisive, stubborn, kinesthetic learners",
30,Mercury,Virgo,"Natives are excellent analyzers, researchers and writers. They often thrive in school, unafriad of tedious mental work. Endowed with impeccable logic, they have clear, sharp, and organized minds. Detail-oriented and practical, they seldom use superfluous language, preferring to be economical and precise with their words.","Excellent analyzers, researchers, and writers. ","logical, clear, sharp, detail-oriented",
107,Neptune,Aquarius,"Groups and organizations are influential in your life, and you may become involved in a humanitarian effort. Your intuition is strong and sparks innovative ideas that make you an invaluable team player. Friendship is important to you. Technology will bring advancements in science, medicine, and health care. This is also a favorable influence for new technology to benefit the environment, energy, and the sea.",,,
97,Neptune,Aries,"You act on your spiritual beliefs, using them as a foundation for daily life and decision making as well as your overall life direction. You also inspire others to follow your lead and, by example, to express their creativity and compassion, both of which you have in abundance. Neptune in Aries reflects an interest in exploring the world’s oceans, as well as initiatives to protect the environment and water supply and to develop new sources of energy. Psychic ability may be scientifically proven during this period.",,,
100,Neptune,Cancer,"Your home is your comfort zone, where you retreat to recenter, relax, and unwind. You also have a strong sixth sense. In the wider world, you have an instinct for public opinion and emerging trends that can increase financial security and career gains. The traditional family unit will be affected by Neptune in Cancer. Families will dissolve, possibly because of a war (as during World War I, when many were killed) or a pandemic or epidemic.",,,
106,Neptune,Capricorn,"You value and appreciate tradition but also see the wisdom in flexibility to adapt to modern times. However, change for purely idealistic reasons can result in disillusionment. Use your practical side to discover your more spiritual inner voice. This influence generates awareness of environmental and energy concerns. The practices of big business will be challenged, although they are unlikely to undergo any significant changes.",,,
99,Neptune,Gemini,"You may be a talented speaker or writer, which are excellent outlets for your imaginative ideas. Follow-through is your challenge, however, so train yourself to focus on one major project or interest before delving into the next. Scattered energy brings only scattered results. There will be much questioning of learning concepts during Neptune’s transit of Gemini, which also will bring further development in energy sources, primarily for vehicles.",,,
101,Neptune,Leo,"You may become a leader for a good cause, in part to fulfill your spiritual needs. Charisma and inspiration help you touch people’s lives, one-on-one or on a wider scale, but you should guard against self-deception. Perceptions are not always accurate. With Neptune in Leo, new methods of entertainment will emerge, and the film industry will undergo major changes. Powerful people will be exposed for unethical behavior.",,,
103,Neptune,Libra,"You have an idealistic view of people and close relationships, especially romantic ones. Spiritual ties are strong with those you love, and on a wider scale you have a sense of social responsibility and sympathy for those in need. You’re more inclined to help others one-on-one than to be involved in group activities for good causes. This is a generation that will experience many changes in close relationships, including marriage and all forms of partnership. People born in the 1940s and 1950s when Neptune was in Libra were the “flower children” of the 1960s.",,,
108,Neptune,Pisces,"You have a strong visual orientation, which, when combined with your creativity, can yield amazing results. Music may free your inner voice. You also sense subtle signals from people, and may have healing or artistic talent that can in some way benefit humankind. Interest in spirituality will increase during this period, and some religious institutions will be exposed for their unethical practices. This also will bring an increased interest in the environment, alternative fuels, and alternative medicine.",,,
105,Neptune,Sagittarius,"Your quest for knowledge extends to a search for the meaning of life on a deeper, spiritual level. Faith is strong, and you may feel that your life is guided or directed. Other cultures intrigue you, and travel may widen your horizons as much as formal learning. Spiritual truth and the search for the meaning of religion are associated with Neptune in Sagittarius. There may be scandals involving higher education, religion, and health care.",,,
104,Neptune,Scorpio,"Deep emotions and faith inspire you to achieve, and once committed, you do whatever it takes to reach your goal. You have an instinctive understanding of the life cycle, and your sixth sense is sensitive to subtle vibrations from people and places. Drug abuse is associated with this generational influence, as well as the development of life-giving and life-prolonging drugs. Money and ethics will clash during this period, which will see the downfall of some powerful people.",,,
98,Neptune,Taurus,"You’re practical in money matters yet also creative, with a sixth sense about financial trends. You understand the principle of letting money circulate into the outer world and back to you, and may donate to worthy causes. Creative or humanitarian endeavors may be income sources. With Neptune in Taurus, environmental and energy concerns may yield high financial returns, and this period will bring sizable gains for charitable organizations.",,,
102,Neptune,Virgo,"Although you may lack confidence in your abilities, you have a practical imagination that can create inspired ideas, and may have a talent for creative writing. Let your creative energy flow, and disregard the inconsequential details, which can block the concrete results you’re trying to achieve. With Neptune in Virgo, alternative medicine will become more widely accepted and new theories in treatment developed. Widespread unemployment is possible.",,,
119,Pluto,Aquarius,"You can have a profound impact on people through your efforts for humanitarian and charitable causes. You also may become involved in a group or organization where, as a leader, you can initiate positive change. Pluto in Aquarius (2023–2043) will bring major technological advances, increased space exploration, and an emphasis on global humanitarian efforts.",,,
109,Pluto,Aries,"Your pioneering spirit is unparalleled. Whatever is fresh and new attracts you, and you have the courage to initiate change and to explore new ideas and approaches to firmly established traditions. Pluto was last in Aries during the nineteenth century (1823–1852). This was a period of westward expansion in the United States, when people explored new frontiers.",,,
112,Pluto,Cancer,"Emotions run deep, and family ties have a profound impact on your life—positive, negative, or both. Living arrangements and property ownership may undergo significant changes as a result of societal trends. The Great Depression occurred during Pluto’s last transit of Cancer (1912–1938), as did World War I, both of which disrupted families worldwide.",,,
118,Pluto,Capricorn,"Business and government are likely to undergo major changes during your lifetime. While these will be on a global scale, they also will affect your personal and professional lives. Plan ahead. Protect your resources and career interests. During Pluto’s transit of Capricorn (2008– 2024), there will be increasing demand for reforms in big business, corporations, and government, and long-established structures will be altered. The U.S. Declaration of Independence was signed and the United States founded when Pluto was last in Capricorn (1762–1778).",,,
111,Pluto,Gemini,"Your inventive mind can find a better way to do many things. Big ideas require follow-through, however. Communication and technological innovations strongly influence your life and lifestyle. Transportation underwent significant changes when Pluto was last in Gemini (1884– 1913). The Wright brothers were pioneers in flight, Henry Ford produced the first affordable car, and the telephone emerged.",,,
113,Pluto,Leo,"You, like your peers, represent the power of one as a force for change. Although you use this energy to affect the world around you, its primary influence is motivation for personal transformation and self-understanding. World War II occurred during Pluto’s last transit of Leo (1937–1957), along with the development of atomic power. People born during this time are part of the “me” generation, the baby boomers.",,,
115,Pluto,Libra,"You’re concerned with issues of personal and global justice. These beliefs also influence your view of relationships, which you believe should be mutually supportive at all times. You strive for 100 percent shared experiences in a partnership and work toward that idealistic end. Pluto in Libra (1971–1984) featured changes in divorce laws and procedures and advances in women’s rights, but the Equal Rights Amendment was defeated. The Vietnam War sparked a demand for peace, love, and harmony.",,,
120,Pluto,Pisces,"Deeply compassionate, you have the power to change lives one by one or by the thousands. Whatever venue you choose, even on a casual, informal level you have the ability to reach out and inspire others. During Pluto’s transit of Pisces (2043–2067), environmental concerns will require major changes throughout the world, and there could be revolutionary medical advances.",,,
117,Pluto,Sagittarius,"Values and ethics are prevailing themes in your life, and you’re periodically faced with challenges that require values-based choices and decisions. Each is a test of your principles within the wider context of societal trends. Spirituality also is a life theme in your search for life’s answers. During the years with Pluto in Sagittarius (1995–2008), the Roman Catholic Church was faced with scandals and lawsuits involving pedophile priests, fundamentalist Christians became an influential political force, and there were religion-based terrorist acts.",,,
116,Pluto,Scorpio,"You’re concerned with issues of personal and global justice. These beliefs also influence your view of relationships, which you believe should be mutually supportive at all times. You strive for 100 percent shared experiences in a partnership and work toward that idealistic end. Pluto in Libra (1971–1984) featured changes in divorce laws and procedures and advances in women’s rights, but the Equal Rights Amendment was defeated. The Vietnam War sparked a demand for peace, love, and harmony.",,,
110,Pluto,Taurus,"You have a strong desire for material and financial security, both of which you can achieve, item by item, dollar by dollar. Be cautious, though, about whom you trust in money matters. Let common sense prevail. The most significant American event that occurred during Pluto’s last transit of Taurus (1852–1884) was the Civil War, triggered by economic issues.",,,
114,Pluto,Virgo,"Existing norms of employment, health care, and service will change during your lifetime. You thus can experience a periodic restructuring of your work environment and the availability of medical alternatives. Helping others leads to personal evolution. During Pluto’s last transit of Virgo (1957– 1971), there were significant advances in agriculture, food production, and medicine. The first commercial transistor radio and calculator became available.",,,
83,Saturn,Aquarius,"Your ideas are a unique combination of tradition and innovation. They’re also practical and enhanced by your objective, impartial viewpoint. You approach problems and decisions intellectually rather than emotionally. Projects, tasks, and goals benefit from your determination and drive, as well as your aptitude for team work and networking and your ability to see things through to conclusion. But tunnel vision can accompany stubbornness; counter it by seeking other opinions. You take friendship seriously and are congenial, if somewhat aloof, with your many acquaintances.",,,
73,Saturn,Aries,"Saturn in Aries signifies opposing energies. Saturn represents caution, patience, and discipline, while Mars represents impulsiveness, action, and independence. Your challenge is thus to mix these diverse factors into a single unified one that can lead to personal and career success. This influence can be excellent for entrepreneurial ventures, and it also lends initiative in other career endeavors. Strive for self-discipline and a steady flow of assertiveness rather than aggression or inhibition. You also benefit from working within the existing structure and company and societal rules to effect positive change.",,,
76,Saturn,Cancer,"You have a deep-seated need for emotional and financial security, and devote much time and effort to creating a comfortable home and family environment. You’re very loyal to those you love. For some people with Saturn in Cancer, this need is the result of heavy responsibilities or a highly structured or demanding home life in childhood. You can excel at making and managing money once you gain experience and knowledge—some of which is learned the hard way. But it also may be a challenge to get beyond “austerity thinking.” At times, you’re ultra-cautious, and at others, you display great initiative and tenacity. Real estate could be an excellent investment.",,,
82,Saturn,Capricorn,"You’re among the most ambitious people on the planet and have the self-discipline and determination to achieve every goal, along with status and recognition. A hard worker with leadership ability, you want to be in charge. But the drive to succeed can take its toll on your family and personal lives, both of which may be designed to further your ambitions. You’re practical and conservative and use a logical approach in planning and problem solving. Rules are important to you, as is a structured environment. Shortcuts can bring setbacks, but you quickly regroup and move forward once again.",,,
75,Saturn,Gemini,"You’re a logical thinker who excels at problem solving and finding practical solutions. You’re highly observant, and your quick mind grasps the facts, thinks things through, and briefly sums up conclusions. You also excel at planning and organization, which are natural outlets for your realistic mindset. Many people with Saturn in Gemini enjoy working with their hands in their careers or leisure-time pursuits and are intrigued by mentally challenging puzzles and games. The communications field, including writing, is another area that attracts the interest of some.",,,
77,Saturn,Leo,"You have a strong need for attention and recognition, and you’re truly confident only when you feel important and appreciated—and in charge. You also can underestimate your skills and talents at times. Believe in yourself and your strong willpower and determination. Tap into this ambitious energy, rise to the occasion, and maximize your practical creativity and leadership ability. Very loyal to those you love, you also expect only the best from your children and push them to succeed. Long-term investments can secure your future. Be cautious of risk taking just to satisfy your ego and desire for status.",,,
79,Saturn,Libra,"Loyalty, devotion to duty, and a strong sense of justice are a few of your strengths, along with tact and kindness. You believe in fairness and impartiality and thus can be an outstanding mediator in both personal and business situations. At times, however, you can be impatient and intolerant, and you’re rarely swayed by sympathy and emotions. You enjoy helping others help themselves rather than doing things for them. Many people with Saturn in Libra form romantic partnerships later in life or with someone who is older or distinguished in his or her career.",,,
84,Saturn,Pisces,"You’re understanding and sympathetic, with a big heart that goes out to others. A certain sense of responsibility for humankind encourages you to help others whenever and however you can, but it’s wise to remember that not everyone is deserving of your care and concern. You know how to skirt obstacles and problems and prefer to do that, rather than confront adversity. That’s the outward expression of your reserved, and possibly shy, nature. Avoiding reality, however, is not always in your best interests. An inspired imagination enhances your creativity. Directing it into concrete endeavors helps you air your inner voice through artistic outlets such as photography and music, either as a career or hobby.",,,
81,Saturn,Sagittarius,"You want to be known for your knowledge and expertise, and consider it your duty to share both with others. Whether teacher, mentor, or friend, you can have a positive impact on many. Some people with Saturn in Sagittarius, however, develop a know-it-all attitude that negates this potential. Honest, ethical, and principled, you have high standards from which you refuse to waver. In business, you have a knack for spotting trends, and leadership ability plus an eye for opportunities and calculated risks can take you far. You strive to achieve a responsible, honest, conscientious reputation.",,,
80,Saturn,Scorpio,"Intense ambition coupled with a strong desire for a powerful position give you the drive to succeed. Your relentless staying power helps you outlast and rise above the competition, but less than ethical actions to get ahead are likely to backfire. Determination alone is usually enough to help you achieve your goals, including financial security and even wealth. Physical stamina is also an asset, but you can push yourself to the point of exhaustion. A private person, you share little about your personal and career plans and are ever alert for information that can aid your shrewd planning and moves.",,,
74,Saturn,Taurus,"You’re patient and practical and have all the determination and common sense to build sizable assets. Follow-through is a strength; a goal, once identified, is pursued until it’s achieved. You’re a hard worker, and career and compensation advance through the years as your ambitions accelerate. Your money motivation stems from a desire for security and comfort, and you willingly spend to acquire what you want—but only if it’s a good value for your dollars. You’re frugal and thrifty in money matters. But your slow and steady approach, which is an asset in many areas, can also cause you to miss out on opportunities.",,,
78,Saturn,Virgo,"Painstakingly thorough, you have practical wisdom and an orderly, analytical mind that excels at planning and organization. No detail escapes your attention, and you’re a hard worker who strives for accuracy and efficiency. Routine is your comfort zone, although you can be adaptable when necessary. Even more demanding of yourself than you are of others, you can be perceived as bossy, with excessively high standards. You also have a strong belief in rules and structure, and are amazingly patient.",,,
95,Uranus,Aquarius,"An independent soul, you’re unconventional in some way (lifestyle, career, interests) and at times unpredictable. Humanitarian causes draw you, and you may be involved in groups that promote change. Imagination and intuition spark innovative ideas and solutions, for which you’re noted. This period brings many technological advances, including those that change methods of communication to bring more people together in an impersonal way.",,,
85,Uranus,Aries,"You’re a risk taker who has the initiative and desire to pursue all that is new and different. Independence and confidence encourage you to promote change, and your quick mind is inventive but also impulsive. You may have entrepreneurial talent. In the world at large, Uranus in Aries reflects a period of technological advancement, as well as new and influential or revitalized groups that promote individual rights.",,,
88,Uranus,Cancer,"Intuition helps you spot public trends, and on a personal level you sense what people think and feel. That gives you an advantage in many situations that require excellent people skills. Emotions can be erratic and unpredictable, however, and family or home life may be unusual in some way. The concepts of home and family undergo significant changes during the period when Uranus is in Cancer as people explore and redefine the family unit and living environment. There may be a noticeable rise or fall in the birth rate.",,,
94,Uranus,Capricorn,"Ambitious and well aware of how to use patience and practicality to achieve your goals, you work within the existing career structure to promote change that’s based in tradition yet forward-thinking. You excel at finding logical and innovative solutions, and may be a leader in business. Major changes in big business and government accompany the period with Uranus in Capricorn, possibly because of action on the part of groups or organizations that demand reform.",,,
87,Uranus,Gemini,"Your quick, clever mind generates original thoughts and ideas, but follow-through can be a challenge. Your many interests, which some call scattered energy, net you a wealth of information—and trivia. Put all that data to work for you in your career or a moneymaking hobby. The period with Uranus in Gemini brings changes in communication, as old forms disappear to be replaced by the new. Learning theories and concepts undergo change, and there are technological advances in vehicles.",,,
89,Uranus,Leo,"Willpower and creativity are strengths you use to elevate your position in life, as is your unusual leadership style that nevertheless gets results. You follow your own star and set your own rules whenever possible, and welcome change when it’s your idea. In the world, Uranus in Leo reflects changes in matters concerning children, as well as groups and organizations. Individuals are challenged to put their egos aside to join forces for the good of all.",,,
91,Uranus,Libra,"Independence versus togetherness is a dilemma; you want both, and with effort you can find a successful compromise to satisfy these dual needs. Some close relationships are unstable or unusual, and you have many friends and acquaintances who move in and out of your life. Uranus in Libra, the sign of close relationships, reflects changes in existing ideas about marriage and partnership. Laws defining legal partnership may change during this period.",,,
96,Uranus,Pisces,"You’re idealistic, caring, and sympathetic, and wish you could change the world. You may become involved in charitable groups and endeavors, and creativity and an active sixth sense could help you focus your life direction into worthy efforts. Inspiration, when balanced with reality, yields success. Uranus in Pisces reflects new insights into spiritual matters and increased interest in the environment and helping those in need. The petroleum and music industries undergo significant changes during this period. A tougher stance on substance abuse also is possible.",,,
93,Uranus,Sagittarius,"Everything that is new and different attracts you, and your curious mind searches for and quickly absorbs information. Travel and adventure excite you. Leadership potential and progressive ideas further your aims, as does higher education. New thinking, concepts, and ideas accent changes in higher education and organized religion during this period. There also may be technological advances involving travel.",,,
92,Uranus,Scorpio,"You equate power with freedom and initiate change to achieve your goals. Friendships are deep, emotions intense, and determination unwavering. You may periodically reinvent yourself, changing life direction and physical characteristics. Willpower is strong. Technological advances and breakthroughs in reproductive science are likely during this period, including new methods to handle infertility problems and sexual disorders. Significant changes in matters having to do with death and taxes are possible.",,,
86,Uranus,Taurus,"Concrete results are your goal, and you achieve them through innovative yet practical ideas and solutions. Determination is a strength, but resistance to change can undermine your efforts. Tap into trends and take an occasional well-calculated risk. Uranus in Taurus accents changes in financial structures and security and more concern and interest in material values, which also evolve. It may be difficult to acquire certain goods during this period.",,,
90,Uranus,Virgo,"You’re prone to changes in employment, whether by choice or circumstance. You also can be an innovator in the workplace, with a wealth of practical yet imaginative ideas and methods. If there’s an easier, simpler way, you can find it. Healing and nutrition may be of interest. The period when Uranus is in Virgo accents changes in matters related to health care and the agricultural industries, and in the work environment, such as an increase in telecommuting.",,,
47,Venus,Aquarius,"You’re friendly but aloof, distant but interested in people and human nature, and your intriguing aura attracts much interest. Friendship is a constant in your life, and your ideal mate is also your best friend. Your attitude about relationships is undoubtedly unconventional in some way. Even a mildly possessive mate is not for you; you need to be free to explore your own interests. You have a good understanding of finances but are erratic in spending and saving, flipping from the urge to splurge to stingy. Strive for more stability in this area.",,,
37,Venus,Aries,"Venus loves innocently and impulsively. Venus's main need is to experience and express appreciation, to satisfy and feel satisfied, to comfort and be comforted. It is detrimental in Mars-ruled Aries, for while Mars will excite with seductive possibilities, it can also overwhelm and threaten all that is most beautiful. Venus here is prone to infatuation and the temptation to follow too readily. At the other extreme, it can feel ignored or even brutalized",,,
40,Venus,Cancer,"Ultrasensitive in love, your feelings run deep and are easily hurt. Relationships can be affected by your periodic moodiness. You love with all your heart, and if a relationship feels right, you move ahead; if not, you don’t. A desire for security motivates you, and you want a comfortable home and loving partner and family. But a tendency to “mother” everyone close to you can undermine the very security you want to achieve, because you end up smothering people and thus push them away Generally lucky in money matters, people with Venus in Cancer often amass sizable resources through savings, investments, and home ownership.",,,
46,Venus,Capricorn,"You’re cautious in matters of the heart, not only because that’s your nature but also as a result of experience. Only when you feel totally secure do you risk making your affections known. Always the epitome of decorum in public, you express your highly sensual nature in private. Some people with Venus in Capricorn form a partnership for status or financial reasons, or choose a mate who is much younger or older. You’re financially conservative, thrifty, and conscientious. (Security issues prompt some to be stingy and cheap.) You’re a hard worker, and your ambitions can yield significant monetary rewards, but you sometimes spend to “prove” your success.",,,
39,Venus,Gemini,"Variety excites you and keeps boredom at bay. This can lead to multiple partners as the desire for someone new takes hold. But many people with Venus in Gemini remain with a single mate who’s a best friend and intellectually stimulating, both of which you need for lasting love. You enjoy an active social life, and your charming, witty, flirtatious nature adds to your popularity. Free spending can deplete resources at times, although you have above-average earning potential and may have two income sources. Financial luck manifests as bargains.",,,
41,Venus,Leo,"Warm, outgoing, and affectionate, you have a star-studded presence that makes you the center of attention more often than not. The social scene excites you, and you like to entertain friends in grand, dramatic style. In love, you’re passionate and loyal, a true romantic who spares no expense. You have the desire and determination to earn a high salary that can fund your taste for luxury. Money matters usually go your way, although caution and common sense are advisable when other people and debt are involved. Put your ego on hold; live within a budget.",,,
43,Venus,Libra,"You feel incomplete without a mate. As a partner, you’re loving and romantic, yet the strong urge for commitment can cause you to mistake infatuation for love. Go slowly and be sure before you commit. You also have an instinctive understanding of people, a sixth sense that gives you profound insight into human nature. That’s a talent that fits well with your emphasis on tact and cooperation; you dislike controversy. A comfortable lifestyle is important to you, and you’ll spend to satisfy your taste for quality and the finer things in life. You also have good financial sense and an eye for bargains.",,,
48,Venus,Pisces,Venus in Pisces: [Add your interpretation here],,,
45,Venus,Sagittarius,"You’re sociable, friendly, and outgoing, and you approach love and romance with the same easy-come, easy-go attitude that may govern much of your life. Any relationship that might limit your freedom is one you quickly walk away from. Strongly independent people with Venus in Sagittarius often choose to remain single or delay commitment until later in life. Then, mental rapport is a must. Generally unconcerned about money matters, you feel you’ll always have what you need. That’s true to some extent, but even your innate luck can be fickle at times. Save for lean periods; be cautious of debt.",,,
44,Venus,Scorpio,"Only someone with Venus in Scorpio can fully appreciate and understand your emotional depth and sensitivity. They are hidden behind a deceptively calm mask of mystery that reveals little of your true feelings, which are never ambivalent. You’re protective of those you love, and insecurity (real or imagined) can spark possessiveness and jealousy that undermine the foundation of a relationship. As a result, your relationships range from stormy to serene, and you have a long memory. You’re financially shrewd and know how to make and manage money. Earnings expectations are high, and you usually meet or exceed your goals.",,,
38,Venus,Taurus,"Warm and loving, you’re an affectionate partner who’s a true romantic. Love and commitment are high on your life priority list, and faith and trust contribute to a lasting partnership. Creature comforts, including gourmet food and a beautiful home, are vital to your well-being, as are financial and material security. You’re a hard worker with high earning potential. You’re also thrifty and expect good value for dollars spent. If the price is too high, you bargain or walk away. Some people with Venus in Taurus are hoarders.",,,
42,Venus,Virgo,"You’re choosy and idealistic in love and romance and expect a partner to live up to your high ideals and expectations. That’s unrealistic and one reason why some people with Venus in Virgo remain single. With the right mate, however, you’re sensual, caring, and supportive. But you can overdo it and become an enabler in the process. Focus on 50–50, and let your partner share the responsibilities of commitment. Emotionally, you think how you feel and feel how you think. Usually thrifty and practical, you occasionally will splurge, especially on loved ones. Your earning potential is above average, although credit encourages impulsive buys.",,,
,,,,,,
,,,,,,
,,,,,,
,,,,,,
,,, ,,,